Address,City,State,Post Code
4510 North Camino Escuela,Tucson,AZ,85718
Hibbard View,Riverside,CA,92503
Ramp,Moreno Valley,CA,92553
1881 Loma Vista Street,Riverside,CA,92507
Locust Avenue,Victorville,CA,92395
Fort Cady Road & Silver Valley Road,Newberry Springs,CA,92365
1035 North Saint Francis Street,Wichita,KS,67214
3759 North Woodlawn Boulevard,Wichita,KS,67220
1644-1648 Post Street,San Francisco,CA,94115
1629 5th Avenue,San Rafael,CA,94901
215 Douglas Street,Petaluma,CA,94952
555 Brights Lane,Blue Bell,PA,19422
409 South 7th Street,Beatrice,NE,68310
346 South 7th Street,Beatrice,NE,68310
229 South Bell Street,Beatrice,NE,68310
"30 East Court Street  (US-136, NE-4)",Beatrice,NE,68310
699 Lombard Street,Galesburg,IL,61401
1090 Main Street Northwest  (IL-102),Bourbonnais,IL,60914
586 Briarcliff Lane,Bourbonnais,IL,60914
588 Briarcliff Lane,Bourbonnais,IL,60914
590 Briarcliff Lane,Bourbonnais,IL,60914
145 Wildwood Lane,Canadensis,PA,18325
291 West Wilmington Peotone Road  (Route 25),Peotone,IL,60468
589 West Wilmington Peotone Road  (Route 25),Peotone,IL,60468
293 West Wilmington Peotone Road  (Route 25),Peotone,IL,60468
Meadowlark Lane,Beecher,IL,60401
5160 West Pauling Road  (Route 23),Monee,IL,60449
434 West Stanton Lane,Crete,IL,60417
26709 South Harlem Avenue,Monee,IL,60449
26723 South Hawthorne Trail,Monee,IL,60449
26734 South Hawthorne Trail,Monee,IL,60449
26522 South Gorman Trail,Monee,IL,60449
West Roberts Ridge Road & South Stephanie Court,Monee,IL,60449
West Orchard Trail & South Peach Tree Lane,Monee,IL,60449
5436 West Orchard Trail,Monee,IL,60449
5339 West Mulberry Lane,Monee,IL,60449
26099 South County Fair Drive,Monee,IL,60449
26068 South Eagle Drive,Monee,IL,60449
5027 West Cardinal Court,Monee,IL,60449
26062 South Eagle Drive,Monee,IL,60449
South Eagle Drive & West Cardinal Court,Monee,IL,60449
West Margaret Street & South County Fair Drive,Monee,IL,60449
25945 South Derby Drive,Monee,IL,60449
25947 South Derby Drive,Monee,IL,60449
South Derby Drive,Monee,IL,60449
809 West Windsor Avenue,Crete,IL,60417
South Countess Lane & West Windsor Avenue,Crete,IL,60417
6509 West Lakeway Drive,Monee,IL,60449
6533 Lazy Lane,Monee,IL,60449
802 West Windsor Avenue,Crete,IL,60417
Lazy Lane & Lakeview Lane,Monee,IL,60449
6512 West Lakeway Drive,Monee,IL,60449
25953 South Countess Lane,Crete,IL,60417
West Lakeway Drive & Lazy Lane,Monee,IL,60449
Lakeview Lane & Lazy Lane,Monee,IL,60449
6530 Lakeview Lane,Monee,IL,60449
5145 West Main Street,Monee,IL,60449
5105 West Main Street,Monee,IL,60449
Lakeview Lane & West Lakeway Drive,Monee,IL,60449
5137 West Main Street,Monee,IL,60449
5043 West Main Street,Monee,IL,60449
5154 West Main Street,Monee,IL,60449
5125 West Main Street,Monee,IL,60449
5110 West Main Street,Monee,IL,60449
1124 West New Monee Road  (Route 21),Crete,IL,60417
25821 South Willow Creek Lane,Monee,IL,60449
25800 South Willow Creek Lane,Monee,IL,60449
5745 West Court Street,Monee,IL,60449
5739 West Court Street,Monee,IL,60449
25763 South Sunrise Drive,Monee,IL,60449
25813 Geranium Lane,Monee,IL,60449
5159 West Coleman Place,Monee,IL,60449
West Coleman Place & South Middle Point Avenue,Monee,IL,60449
4555 West Iris Lane,Monee,IL,60449
4544 West Iris Lane,Monee,IL,60449
25740 South Iris Court,Monee,IL,60449
25728 South Sunrise Drive,Monee,IL,60449
25736 South Daffodil Lane,Monee,IL,60449
4691 West Tulip Avenue,Monee,IL,60449
4509 West Tulip Avenue,Monee,IL,60449
25717 South Sunrise Drive,Monee,IL,60449
4687 West Tulip Avenue,Monee,IL,60449
West Tulip Avenue & West Lilac Avenue,Monee,IL,60449
South Daffodil Lane & West Tulip Avenue,Monee,IL,60449
25715 South Sunrise Drive,Monee,IL,60449
4512 West Tulip Avenue,Monee,IL,60449
25713 South Sunrise Drive,Monee,IL,60449
5668 West Roosevelt Street,Monee,IL,60449
5899 West Roosevelt Street,Monee,IL,60449
West Roosevelt Street & South McKinley Street,Monee,IL,60449
South Sunrise Drive & West Roosevelt Street,Monee,IL,60449
25701 South Daffodil Lane,Monee,IL,60449
25649 South Daffodil Lane,Monee,IL,60449
2707 East Van Drunen Drive,Crete,IL,60417
South Daffodil Lane & West Jonquil Lane,Monee,IL,60449
4514 West Jonquil Lane,Monee,IL,60449
West Azalea Avenue & South Daffodil Lane,Monee,IL,60449
5744 West Monee Manhattan Road  (Route 6),Monee,IL,60449
1101 West Old Monee Road,Crete,IL,60417
101 Street & 99 Avenue,Grande Prairie,AB,T8V 0P6